{"cameraMode":{"drawMode":0,"name":"Shaded","section":"Shading Mode"},"sceneLighting":true,"audioPlay":false,"sceneViewState":{"m_AlwaysRefresh":false,"showFog":true,"showSkybox":false,"showFlares":true,"showImageEffects":true,"showParticleSystems":true,"showVisualEffectGraphs":true,"m_FxEnabled":true},"in2DMode":false,"pivot":{"x":-4.613326549530029,"y":2.4965689182281496,"z":-3.6699795722961427},"rotation":{"x":-0.13000048696994782,"y":0.8555196523666382,"z":-0.25931867957115176,"w":-0.4288845360279083},"size":0.06364591419696808,"orthographic":false}