{"cameraMode":{"drawMode":0,"name":"Shaded","section":"Shading Mode"},"sceneLighting":false,"audioPlay":false,"sceneViewState":{"m_AlwaysRefresh":false,"showFog":true,"showSkybox":false,"showFlares":true,"showImageEffects":true,"showParticleSystems":true,"showVisualEffectGraphs":true,"m_FxEnabled":true},"in2DMode":false,"pivot":{"x":-0.03348183631896973,"y":0.9527715444564819,"z":-0.120968759059906},"rotation":{"x":-0.172806516289711,"y":0.15209531784057618,"z":-0.027018100023269655,"w":-0.9727675914764404},"size":1.8195018768310547,"orthographic":false}